"n_subjects","iters","runtime_sec","sec_per_iter","median_ess"
2,1000,17.0910029411316,0.0170910029411316,100
5,1000,41.8341469764709,0.0418341469764709,100
10,1000,84.6879920959473,0.0846879920959473,82.64246874728
2,2500,43.0920894145966,0.0172368357658386,250
5,2500,105.766646623611,0.0423066586494446,250
10,2500,210.607806444168,0.0842431225776672,226.301280400331
